exon_id,exon,position,predicted_psi,delta_force,incl_bias,skip_bias,incl_1,incl_2,incl_3,incl_4,incl_5,incl_6,incl_7,incl_struct_1,skip_7,skip_8,skip_9,skip_10,skip_11,skip_12,skip_s,skip_p,skip_blank,skip_dot
0,GCGGCACCTACTACAATGTCCCCCGCTGCATACACTCGGAGCCAATAGGGCGCCTATAGAGTGTAGTCCT,0,0.11396561563014984,-16.23214890355804,21.80809438066695,0,2.4140594177879393e-05,1.144626139648608e-06,2.1365851807786385e-06,1.1779658279920113e-06,2.632975615313171e-08,7.451757266796477e-11,1.1173017636686555e-14,4.302126228594716e-07,1.4825845084942557e-07,2.0325908280938165e-06,5.012994908071278e-09,7.830716981516161e-07,3.72009111515581e-07,1.3280076593957801e-08,0.007988479919731617,0.006624224130064249,2.861605119530708e-10,1.411969776654587e-07
0,GCGGCACCTACTACAATGTCCCCCGCTGCATACACTCGGAGCCAATAGGGCGCCTATAGAGTGTAGTCCT,1,0.0,0.0,0.0,0,5.465194590215106e-07,4.462522085191267e-08,1.2281425654236955e-07,1.9157639599143295e-06,2.930750895302481e-07,3.5587170259532286e-06,1.2643017058625028e-15,2.606696511975315e-07,1.3801442833027977e-07,1.165401886105144e-09,4.233193067193497e-06,8.722494015955817e-08,7.896500164861209e-08,6.520577855440024e-09,0.0009166430099867284,0.002541211200878024,6.4512519770687504e-09,1.3068128623672237e-07
0,GCGGCACCTACTACAATGTCCCCCGCTGCATACACTCGGAGCCAATAGGGCGCCTATAGAGTGTAGTCCT,2,0.0,0.0,0.0,0,8.572301624099055e-08,7.372174195552361e-07,2.9178511340433033e-06,6.508587375719799e-07,1.777004035830032e-05,6.222859155968763e-06,1.9683511709445156e-06,2.293101601935632e-07,3.129459003048396e-08,1.2605516630515012e-08,3.138616193609778e-06,1.2586525599544984e-07,2.2347625971974594e-08,3.743522991594972e-10,1.3860546459909528e-05,0.015759754925966263,5.870179897726757e-09,5.99720451077701e-08
0,GCGGCACCTACTACAATGTCCCCCGCTGCATACACTCGGAGCCAATAGGGCGCCTATAGAGTGTAGTCCT,3,0.0,0.0,0.0,0,2.4426589106951724e-07,6.757656592526473e-06,4.170626652921783e-06,1.5166653710707578e-08,1.2080319322649302e-07,5.281160578296529e-11,4.208500214986088e-09,1.7979938604639756e-07,7.164077686638848e-08,6.71935504215071e-06,5.959369445918128e-06,1.2213923449022612e-11,8.78400214787689e-07,5.95891613830446e-10,2.317769030923955e-05,0.0035285400226712227,8.567787368463087e-09,3.238416468320793e-08
0,GCGGCACCTACTACAATGTCCCCCGCTGCATACACTCGGAGCCAATAGGGCGCCTATAGAGTGTAGTCCT,4,0.0,0.0,0.0,0,2.2988685941527365e-06,3.2629177439957857e-06,5.496683115779888e-06,1.331972271145787e-06,5.292678739721168e-09,5.786802148577408e-07,1.0259147913602818e-16,1.0591421784056365e-07,3.2938604022092477e-07,9.187024261336774e-06,1.1463283954071812e-05,3.643485253085332e-12,1.4659636349279026e-07,9.938359468719682e-09,0.0004471532010938972,0.0019789421930909157,2.990521466017526e-07,1.841278418623915e-08
0,GCGGCACCTACTACAATGTCCCCCGCTGCATACACTCGGAGCCAATAGGGCGCCTATAGAGTGTAGTCCT,5,0.0,0.0,0.0,0,4.874749848227111e-08,1.3461765036026918e-07,1.258442665630355e-07,1.9317995553908007e-12,4.214229321064522e-08,6.191410717448775e-10,1.910215150120742e-13,6.99803095471907e-08,1.4623168453908875e-07,4.7081175580387935e-07,2.2417774744099006e-05,1.307733354114285e-13,4.62363641418051e-05,3.6170576082905637e-12,1.1445581549196504e-07,0.08223211020231247,1.9615601587474885e-08,1.0258980331911971e-08
0,GCGGCACCTACTACAATGTCCCCCGCTGCATACACTCGGAGCCAATAGGGCGCCTATAGAGTGTAGTCCT,6,0.0,0.0,0.0,0,8.585090654378291e-06,7.6193514360056724e-06,5.666840365847747e-07,2.5562869598871885e-09,1.7188403944601305e-06,4.121529506573296e-12,1.4605838760672896e-10,2.5398257719189132e-08,2.230845375095214e-08,8.186284685507417e-05,0.04690229520201683,1.588350073689071e-08,4.7295625194010427e-08,3.397148014283591e-12,3.2267033134303347e-07,0.00824230257421732,1.3185003808757756e-06,2.8290190190460862e-09
0,GCGGCACCTACTACAATGTCCCCCGCTGCATACACTCGGAGCCAATAGGGCGCCTATAGAGTGTAGTCCT,7,0.0,0.0,0.0,0,1.8390386685496196e-05,0.0006837730179540813,0.035468582063913345,1.941192664389746e-07,3.8279132752450096e-08,8.640417483059271e-13,5.0489410874318864e-23,1.4102690570894083e-08,0.00036104643368162215,0.000556887302082032,0.00013744186435360461,1.8383433664226345e-10,5.027091631859548e-09,3.3310288121563003e-12,6.101340321862381e-09,0.12566383183002472,1.9737600442937264e-09,2.643970375970639e-09
0,GCGGCACCTACTACAATGTCCCCCGCTGCATACACTCGGAGCCAATAGGGCGCCTATAGAGTGTAGTCCT,8,0.0,0.0,0.0,0,3.5011482395930216e-05,7.3632672865642235e-06,8.215587877202779e-05,0.0001706946932245046,5.373926796892192e-06,0.004351428244262934,8.1216703826624e-15,1.0690269114377315e-08,0.005469087976962328,0.010657381266355515,0.4572960436344147,1.6493252943949877e-11,1.5467779235223134e-07,1.2654382207898107e-13,1.280503258982435e-09,0.011962225660681725,3.249819304721596e-13,1.7980845701259796e-09
0,GCGGCACCTACTACAATGTCCCCCGCTGCATACACTCGGAGCCAATAGGGCGCCTATAGAGTGTAGTCCT,9,0.0,0.0,0.0,0,4.1465847422372804e-10,0.001777046825736761,0.06244384124875069,0.010520773939788342,0.7488660216331482,0.036495380103588104,5.995331520125546e-08,1.2504123958478885e-08,1.9458226696578151e-10,2.4048042178037576e-05,0.06763914972543716,0.0003636187466327101,2.20084057218628e-05,5.431501196072677e-14,9.138548921328038e-05,0.05139557272195816,1.739801607902186e-13,2.6823365750772155e-09
0,GCGGCACCTACTACAATGTCCCCCGCTGCATACACTCGGAGCCAATAGGGCGCCTATAGAGTGTAGTCCT,10,0.0,0.0,0.0,0,1.1392611265182495,0.0486210361123085,3.389211416244507,0.03061840496957302,0.00042961392318829894,6.588480455649304e-11,1.5713894074842472e-10,8.527529793411759e-09,4.7133887903783034e-08,0.0007367067155428231,0.0012931894743815064,1.409799033069703e-08,3.5158452538208707e-11,3.414946277147113e-13,0.18240194022655487,0.00022916082525625825,9.455976973660185e-11,2.9906392917666835e-09
0,GCGGCACCTACTACAATGTCCCCCGCTGCATACACTCGGAGCCAATAGGGCGCCTATAGAGTGTAGTCCT,11,0.0,0.0,0.0,0,0.27465006709098816,0.0014200765872374177,0.006342100910842419,0.00020006648264825344,5.5480850278399885e-05,0.025943564251065254,2.7635191357511246e-10,5.188875995543185e-09,4.713383905396995e-09,1.6103292921343382e-08,0.0005696045700460672,2.964564373542089e-06,1.78470131118047e-07,3.248775692910044e-09,0.0023807110264897346,0.0073813446797430515,8.205450285458937e-05,2.0029715663838488e-09
0,GCGGCACCTACTACAATGTCCCCCGCTGCATACACTCGGAGCCAATAGGGCGCCTATAGAGTGTAGTCCT,12,0.0,0.0,0.0,0,2.4667161824254435e-07,0.05539953336119652,0.0020177995320409536,6.300570021267049e-08,9.197823237627745e-05,4.827494137771282e-08,0.0004111291200388223,2.4722235369978307e-09,8.977293214362803e-11,9.352001484330685e-08,2.8048057743035315e-07,0.00470133638009429,3.780518227358698e-06,1.3680466481869047e-10,1.7883890905068256e-05,0.0836649090051651,2.3027297402222757e-07,1.999695076193575e-09
0,GCGGCACCTACTACAATGTCCCCCGCTGCATACACTCGGAGCCAATAGGGCGCCTATAGAGTGTAGTCCT,13,0.0,0.0,0.0,0,0.09755171090364456,0.10734978318214417,1.2637990039365832e-05,2.0148988033596993e-10,1.8078804231436152e-08,8.087181098404006e-12,3.384013689355925e-05,2.1651793691290777e-09,1.4377477874916167e-08,1.025618621497415e-05,5.206105768706948e-08,2.6808097572939005e-06,6.679076136606454e-08,3.2946748107498536e-10,6.869362096040277e-06,0.01510049868375063,2.6910882411357306e-07,2.2488371165252374e-09
0,GCGGCACCTACTACAATGTCCCCCGCTGCATACACTCGGAGCCAATAGGGCGCCTATAGAGTGTAGTCCT,14,0.0,0.0,0.0,0,1.9490959644317627,0.002384910825639963,0.2509710192680359,9.694561242667987e-08,2.4343878976651467e-05,0.9140058159828186,1.0538828837391989e-10,1.3087589900706575e-09,0.0013219533720985055,0.005509708076715469,1.160030706159887e-06,1.2675322977884207e-05,0.00011067034211009741,0.0015295817283913493,6.609555384784471e-06,0.6211106777191162,2.3567297830595635e-05,2.541289623181342e-09
0,GCGGCACCTACTACAATGTCCCCCGCTGCATACACTCGGAGCCAATAGGGCGCCTATAGAGTGTAGTCCT,15,0.0,0.0,0.0,0,5.4787015812962636e-08,1.659757572269882e-06,3.4731907362584025e-05,1.0292797725242053e-07,0.06931176036596298,0.07652059942483902,5.283391146804206e-07,1.4125839387091332e-09,0.0004923871019855142,2.9037513726848374e-08,0.00018622305651661009,0.00464864494279027,0.0001986393181141466,0.004330428317189217,8.503540811943822e-06,0.03248271346092224,9.761363273241841e-09,4.98553198724494e-09
0,GCGGCACCTACTACAATGTCCCCCGCTGCATACACTCGGAGCCAATAGGGCGCCTATAGAGTGTAGTCCT,16,0.0,0.0,0.0,0,0.3109075427055359,5.175084879738279e-06,0.038275424391031265,3.46448878474348e-08,0.0003332557389512658,5.708068566423474e-12,1.5527558616668102e-07,1.809992600243504e-09,0.0031590498983860016,0.01215409953147173,1.5717764867417827e-08,3.783657405165286e-07,1.4599404494219925e-05,6.490148371085525e-05,9.721724381961394e-06,0.06328743696212769,4.4112105079818775e-09,6.614177650021702e-09
0,GCGGCACCTACTACAATGTCCCCCGCTGCATACACTCGGAGCCAATAGGGCGCCTATAGAGTGTAGTCCT,17,0.0,0.0,0.0,0,1.3422749042510986,2.9885293770348653e-05,0.0005106009775772691,1.3336334259150817e-09,5.828047246192458e-12,0.00013865300570614636,1.0093027759047746e-12,1.5433372357875896e-09,0.00043444352922961116,0.052400682121515274,2.2983970211498672e-06,1.150267053162679e-06,0.00033794259070418775,1.068206074705813e-05,0.00033788441214710474,0.009744339622557163,4.055814315506723e-07,4.423373667350461e-09
0,GCGGCACCTACTACAATGTCCCCCGCTGCATACACTCGGAGCCAATAGGGCGCCTATAGAGTGTAGTCCT,18,0.0,0.0,0.0,0,3.4642438917487084e-10,7.108106387931912e-07,4.9798105465015396e-05,2.0245900955728757e-08,0.0002885416615754366,0.00561204319819808,1.0009972850610893e-09,1.1113190367950665e-09,0.49116021394729614,0.05453317612409592,2.0005954866064712e-05,1.5016178167570615e-07,0.032686978578567505,1.688409767552912e-08,0.029065078124403954,0.021930672228336334,0.000384444952942431,5.701001448699117e-09
0,GCGGCACCTACTACAATGTCCCCCGCTGCATACACTCGGAGCCAATAGGGCGCCTATAGAGTGTAGTCCT,19,0.0,0.0,0.0,0,2.6139957904815674,0.00021849102631676942,0.012549311853945255,2.5500080482743215e-06,0.0010912551078945398,2.4728325342948665e-07,6.694916010019369e-06,1.0240341907774564e-09,0.003828607499599457,0.00835059117525816,3.348752608545169e-09,5.799602575962126e-08,8.359450731632023e-08,6.798323011025786e-05,0.0005443295231088996,0.03505130112171173,0.00015271635493263602,2.6799611418937275e-09
0,GCGGCACCTACTACAATGTCCCCCGCTGCATACACTCGGAGCCAATAGGGCGCCTATAGAGTGTAGTCCT,20,0.0,0.0,0.0,0,0.823002815246582,2.9760654797428288e-05,0.00016306630277540535,7.514563185395673e-05,2.142511862368579e-11,0.0002595930127426982,1.102238417725887e-12,7.559500248000006e-10,0.0006975231226533651,6.78324286127463e-05,5.067409438197501e-05,7.377707333944272e-07,0.00011363002704456449,4.714606802735943e-06,0.0007600779645144939,0.12510237097740173,0.00023817692999728024,1.5888971249822248e-09
0,GCGGCACCTACTACAATGTCCCCCGCTGCATACACTCGGAGCCAATAGGGCGCCTATAGAGTGTAGTCCT,21,0.0,0.0,0.0,0,1.8757263831048476e-07,0.0006108562229201198,0.00012821744894608855,0.0018161123152822256,0.0005788017879240215,0.05605962872505188,6.427775588235818e-06,9.859215666097043e-10,1.473266363143921,0.1492207795381546,0.00022253557108342648,3.4432257045580172e-09,0.3358760476112366,4.2567216951283626e-07,0.00033999435254372656,0.09744320064783096,2.3146872520446777,2.791928244150199e-09
0,GCGGCACCTACTACAATGTCCCCCGCTGCATACACTCGGAGCCAATAGGGCGCCTATAGAGTGTAGTCCT,22,0.0,0.0,0.0,0,0.009590132161974907,5.1134058594470844e-05,0.00019415857968851924,2.1862550658724444e-10,3.8878757990801205e-09,0.0024949507787823677,0.0002956195385195315,1.6361277888066184e-09,0.17743797600269318,0.0007125545525923371,0.007153506390750408,3.4148626149033134e-09,2.2652805853340396e-08,7.858806725380418e-07,1.3498825865099207e-05,0.24291673302650452,0.0010827361838892102,5.033244931951231e-09
0,GCGGCACCTACTACAATGTCCCCCGCTGCATACACTCGGAGCCAATAGGGCGCCTATAGAGTGTAGTCCT,23,0.0,0.0,0.0,0,0.15033987164497375,0.009599002078175545,0.025722870603203773,1.1518919498798574e-12,1.8714502170169567e-10,4.4691050860024006e-10,1.7717805889105875e-08,1.061022603110473e-09,0.001543950056657195,0.0006563128554262221,9.556671284371987e-05,8.296275125219132e-12,0.39526674151420593,0.008469095453619957,3.0308333975881396e-07,0.03793269023299217,1.1041384823329281e-05,3.569530448999103e-09
0,GCGGCACCTACTACAATGTCCCCCGCTGCATACACTCGGAGCCAATAGGGCGCCTATAGAGTGTAGTCCT,24,0.0,0.0,0.0,0,3.1785236842551967e-07,2.2207746951607987e-05,0.0006180592463351786,5.246340606390731e-07,0.00042657964513637125,2.31611466006143e-06,1.2436700214404174e-16,7.00620395033269e-10,0.9080937504768372,2.4366142749786377,0.05063141509890556,9.863592964620693e-08,7.736730913165957e-05,1.0164833838643972e-05,3.817562173935585e-06,0.03637605905532837,8.488649473292753e-05,1.4641945433879755e-09
0,GCGGCACCTACTACAATGTCCCCCGCTGCATACACTCGGAGCCAATAGGGCGCCTATAGAGTGTAGTCCT,25,0.0,0.0,0.0,0,0.0015009408816695213,3.647829771580291e-07,0.00025685501168482006,1.008242236366641e-07,4.661373225189891e-07,6.556601874763146e-07,1.0350158162713945e-14,9.299323533440429e-10,0.35243526101112366,5.611961751128547e-05,1.51155618368648e-05,1.6729430853956728e-06,0.0004102341481484473,0.20231829583644867,9.831169336393941e-06,0.017483161762356758,5.711962512577884e-05,1.6414061221325937e-09
0,GCGGCACCTACTACAATGTCCCCCGCTGCATACACTCGGAGCCAATAGGGCGCCTATAGAGTGTAGTCCT,26,0.0,0.0,0.0,0,6.544952157128137e-06,0.006706648506224155,3.0666778911836445e-05,4.705804713012185e-06,3.2080060918815434e-07,1.1184905224226327e-09,7.689784919939768e-10,6.688883891214914e-10,2.145146208931692e-05,0.0005975994863547385,1.0652097444108222e-06,1.6687994003295898,0.006487024016678333,5.1797219291493946e-11,5.544420855585486e-05,0.031153980642557144,4.152626388531644e-06,5.657958546123609e-10
0,GCGGCACCTACTACAATGTCCCCCGCTGCATACACTCGGAGCCAATAGGGCGCCTATAGAGTGTAGTCCT,27,0.0,0.0,0.0,0,0.0024398418609052896,0.37905648350715637,0.00039445681613869965,5.7294742873637006e-05,0.00012721217353828251,2.0846124826334744e-08,2.937391432519809e-12,5.033368166706964e-10,4.5289847427909535e-09,7.039753882054356e-07,6.462187940314834e-08,0.7259472608566284,5.722637652638696e-08,4.0913970128508836e-11,0.0008996659307740629,0.02795318514108658,2.804701352943084e-06,5.261031055248111e-10
0,GCGGCACCTACTACAATGTCCCCCGCTGCATACACTCGGAGCCAATAGGGCGCCTATAGAGTGTAGTCCT,28,0.0,0.0,0.0,0,0.037411585450172424,1.4937663195269124e-07,0.00014035668573342264,0.0004794013511855155,0.06648300588130951,0.00046452737296931446,0.00013098939962219447,4.844266654480123e-10,2.7375540412322152e-06,6.429055247281212e-06,7.708837124198453e-09,1.4251071214675903,0.011805211193859577,2.123955944455247e-08,7.320744010996805e-09,0.16251324117183685,0.0058242399245500565,2.6440749589795587e-10
0,GCGGCACCTACTACAATGTCCCCCGCTGCATACACTCGGAGCCAATAGGGCGCCTATAGAGTGTAGTCCT,29,0.0,0.0,0.0,0,0.06998592615127563,5.524676453205757e-05,0.00029339230968616903,2.978418251586845e-06,0.002160632284358144,3.096964906745825e-09,4.911084428016466e-09,6.765557003518552e-10,1.1887150321854278e-06,9.970761993827182e-08,1.093163004561859e-09,0.7865294814109802,5.387206556406454e-07,1.206175284096389e-06,1.8780890176373077e-09,0.32086604833602905,1.1576908036659006e-06,3.9926134620671405e-10
0,GCGGCACCTACTACAATGTCCCCCGCTGCATACACTCGGAGCCAATAGGGCGCCTATAGAGTGTAGTCCT,30,0.0,0.0,0.0,0,0.35583874583244324,7.256495882757008e-05,0.010278523899614811,0.09116534888744354,0.32395556569099426,2.197607727794093e-06,0.00026888298452831805,8.34854185782774e-10,2.814784794136216e-10,3.1484287399408117e-10,1.0749756711447844e-06,0.2971722483634949,1.1055464710807428e-05,0.00025664857821539044,1.2561349183037862e-10,0.002067209454253316,2.1379635334014893,5.468097641347924e-10
0,GCGGCACCTACTACAATGTCCCCCGCTGCATACACTCGGAGCCAATAGGGCGCCTATAGAGTGTAGTCCT,31,0.0,0.0,0.0,0,0.01783192716538906,0.002935816068202257,0.05398125201463699,0.0003343290009070188,0.6863043308258057,1.3502956335287308e-06,1.9003444651222168e-10,6.807203134506778e-10,7.592673156864294e-09,7.162622205214575e-05,6.504805242002476e-06,4.42863856733311e-05,0.0012090636882930994,7.361184088949813e-07,1.4300614736839634e-07,0.1750260293483734,0.00014054532221052796,4.514461027227412e-10
0,GCGGCACCTACTACAATGTCCCCCGCTGCATACACTCGGAGCCAATAGGGCGCCTATAGAGTGTAGTCCT,32,0.0,0.0,0.0,0,0.15040335059165955,0.00012952717952430248,0.00586595619097352,0.00012015138781862333,9.746358955453616e-06,1.4787887581135806e-09,4.844263185033171e-11,4.906541284377397e-10,1.7815931840914345e-08,0.00036408513551577926,6.228337588254362e-05,4.07725065088016e-06,7.697004811291208e-09,2.4311503921126132e-08,9.621100616641343e-06,0.000498665205668658,5.167184724541585e-08,1.6685999804089136e-10
0,GCGGCACCTACTACAATGTCCCCCGCTGCATACACTCGGAGCCAATAGGGCGCCTATAGAGTGTAGTCCT,33,0.0,0.0,0.0,0,0.0021847919560968876,0.0030865101143717766,1.1501723527908325,1.0433230812623151e-07,0.05913766101002693,2.1475112589541823e-05,6.402195822374779e-07,3.291955041895278e-10,1.801582771854271e-10,3.0792330907303267e-09,2.7798972951131873e-05,2.111706407958991e-06,0.00022317400726024061,5.42243924428476e-06,0.0011150363134220243,0.2590613067150116,0.04789218679070473,2.1825757867688367e-10
0,GCGGCACCTACTACAATGTCCCCCGCTGCATACACTCGGAGCCAATAGGGCGCCTATAGAGTGTAGTCCT,34,0.0,0.0,0.0,0,2.6566646099090576,1.50161874294281,2.025857925415039,0.021202582865953445,0.24178989231586456,2.565720639419178e-12,1.4714568539325734e-12,2.801191778534218e-10,0.00013238620886113495,0.004136275500059128,9.42859969654819e-06,3.1158635920292e-06,1.1116141962475012e-07,4.49729316287506e-12,0.0003165406233165413,0.0028646986465901136,9.128547162617906e-07,1.0084696272505411e-10
0,GCGGCACCTACTACAATGTCCCCCGCTGCATACACTCGGAGCCAATAGGGCGCCTATAGAGTGTAGTCCT,35,0.0,0.0,0.0,0,0.6954653263092041,3.970823672716506e-05,0.001024432945996523,0.28524747490882874,1.6295750526751362e-07,0.008146275766193867,1.1987851897000404e-15,4.06493866345059e-10,5.5468903155997396e-05,2.2200970306585077e-06,0.00014546875900123268,4.595274560870166e-08,1.1022305443475489e-05,1.2840182250783982e-07,2.7881238651161766e-08,0.4114445745944977,0.004766165744513273,1.0221033741597552e-10
0,GCGGCACCTACTACAATGTCCCCCGCTGCATACACTCGGAGCCAATAGGGCGCCTATAGAGTGTAGTCCT,36,0.0,0.0,0.0,0,1.1554913044165005e-06,0.002136457711458206,0.000668706779833883,7.004299362733946e-09,0.00017780490452423692,0.041094932705163956,0.0022518057376146317,3.5390013142233556e-10,8.474559763271827e-06,0.009382393211126328,9.65534636634402e-05,1.3211387113187811e-06,0.12069491297006607,8.437185897491872e-06,1.4004266191136594e-08,0.0004306943737901747,5.905208581680199e-06,1.9248608262856237e-10
0,GCGGCACCTACTACAATGTCCCCCGCTGCATACACTCGGAGCCAATAGGGCGCCTATAGAGTGTAGTCCT,37,0.0,0.0,0.0,0,8.880616405804176e-06,0.07192859053611755,2.110696368617937e-05,2.97879082511443e-10,7.069112228919039e-08,2.5675750414677623e-09,3.4895474527729675e-06,7.124739687114356e-10,0.05500766634941101,1.0585452400846407e-05,0.0005598800489678979,1.3745554028332663e-08,1.5094249761204992e-07,2.6759618965144227e-09,1.61385997898833e-07,0.05788135901093483,1.332020076461049e-07,2.5677615589358993e-10
0,GCGGCACCTACTACAATGTCCCCCGCTGCATACACTCGGAGCCAATAGGGCGCCTATAGAGTGTAGTCCT,38,0.0,0.0,0.0,0,0.02013954147696495,0.0007751912344247103,0.012871360406279564,1.075492491509067e-06,7.190168958004506e-07,2.0631274466609284e-11,1.1963648127721882e-10,8.69062044550617e-10,1.4313410520553589,0.0018953176913782954,1.7324438772448048e-08,2.5425072180951247e-07,0.00012894994870293885,0.18986211717128754,2.8068170649930835e-06,0.0003499800222925842,2.020687783765851e-11,2.061750492554637e-10
0,GCGGCACCTACTACAATGTCCCCCGCTGCATACACTCGGAGCCAATAGGGCGCCTATAGAGTGTAGTCCT,39,0.0,0.0,0.0,0,0.00019811998936347663,5.8995115068682935e-06,5.676194518855482e-07,3.251919042668305e-05,2.2275327415943735e-11,0.00010139348160009831,1.2653006246921006e-11,1.2565749551995964e-09,1.2751131057739258,0.00039513842784799635,0.0004534178879112005,3.1760960155224893e-06,3.2649946660967544e-05,5.8194810748091186e-08,0.0010886407690122724,0.0017987297615036368,4.907289574695994e-10,2.2120053011498442e-10
0,GCGGCACCTACTACAATGTCCCCCGCTGCATACACTCGGAGCCAATAGGGCGCCTATAGAGTGTAGTCCT,40,0.0,0.0,0.0,0,5.358595558391244e-07,4.045990499434993e-05,8.43643065309152e-05,1.897946094686631e-05,0.00022223785344976932,0.07013027369976044,1.7908667359733954e-05,2.1374155778630666e-09,1.17830228805542,0.042622391134500504,5.7843127621026724e-08,7.949509495119855e-07,0.06211983039975166,1.376096037120078e-07,0.0007473200676031411,0.00014195410767570138,3.4415106181517885e-11,1.9629894931760816e-10
0,GCGGCACCTACTACAATGTCCCCCGCTGCATACACTCGGAGCCAATAGGGCGCCTATAGAGTGTAGTCCT,41,0.0,0.0,0.0,0,0.0002981611469294876,0.0001387959928251803,5.0230493798153475e-05,1.6996176688266473e-09,8.01989585852425e-09,1.053020014296635e-06,4.5815737394150347e-05,2.5431208250381587e-09,4.1201026760973036e-05,0.01923062652349472,2.92553909275739e-06,2.6877602067543194e-05,0.00019007929950021207,8.959400474850554e-06,0.018281713128089905,0.019525710493326187,1.7899101645291182e-10,2.06882400100028e-10
0,GCGGCACCTACTACAATGTCCCCCGCTGCATACACTCGGAGCCAATAGGGCGCCTATAGAGTGTAGTCCT,42,0.0,0.0,0.0,0,0.001391674391925335,0.0017584284069016576,0.2575836777687073,1.0051905488528412e-11,1.8992958530361648e-06,9.087160179888087e-08,1.061128452901211e-13,2.1488610890685322e-09,0.16210341453552246,1.776767567207571e-05,1.1389506227033053e-08,6.936765828413627e-08,0.10598873347043991,9.379502508011228e-09,0.400298535823822,0.23517140746116638,1.4173679119267035e-05,3.279788107768411e-10
0,GCGGCACCTACTACAATGTCCCCCGCTGCATACACTCGGAGCCAATAGGGCGCCTATAGAGTGTAGTCCT,43,0.0,0.0,0.0,0,0.0052227177657186985,6.473990765698545e-07,8.802087904768996e-06,3.5685468901647255e-05,0.0006080219754949212,8.651087624045317e-10,3.6661849112107348e-09,2.89205015491234e-09,2.226087417511735e-06,3.9176469726953655e-05,0.011233174242079258,7.251195484059281e-07,1.1279166045596867e-08,6.329229051971197e-08,0.022453879937529564,0.029856761917471886,0.0007384506752714515,3.7821357157241664e-10
0,GCGGCACCTACTACAATGTCCCCCGCTGCATACACTCGGAGCCAATAGGGCGCCTATAGAGTGTAGTCCT,44,0.0,0.0,0.0,0,0.0037549221888184547,0.000373111484805122,0.6102816462516785,3.026484966278076,0.036207668483257294,0.023583222180604935,3.658359354927025e-14,2.557099643141214e-09,3.151239935661465e-09,0.000438299699453637,0.002369938651099801,2.2557564705039113e-07,9.22289036680013e-05,9.20796168202287e-08,0.20913811028003693,0.0005691319238394499,1.3873857824364677e-05,6.224234461171818e-10
0,GCGGCACCTACTACAATGTCCCCCGCTGCATACACTCGGAGCCAATAGGGCGCCTATAGAGTGTAGTCCT,45,0.0,0.0,0.0,0,1.1651522981992457e-05,0.003990101162344217,0.5355676412582397,3.905879020690918,0.03960564360022545,9.132979357673321e-06,2.453861116039069e-12,5.165706973286888e-09,4.306180198909715e-05,0.00023774673172738403,0.0018592774868011475,2.0743804243772423e-11,5.137936298638124e-08,1.7097936022732185e-13,5.429774319054559e-05,1.4199763427313883e-05,0.0004111604648642242,1.3153190758785627e-09
0,GCGGCACCTACTACAATGTCCCCCGCTGCATACACTCGGAGCCAATAGGGCGCCTATAGAGTGTAGTCCT,46,0.0,0.0,0.0,0,0.0004426168743520975,0.0005152196390554309,2.4157052040100098,4.161393860613316e-07,0.006543755065649748,0.000399649899918586,0.0002700665208976716,5.061593810751219e-09,1.515862457779349e-08,3.927625300548243e-07,0.009631609544157982,2.4240240925621492e-09,2.0319027953519253e-06,1.3881382983527146e-05,0.01964235119521618,0.00021641865896526724,1.43330851187784e-06,3.474432519467996e-09
0,GCGGCACCTACTACAATGTCCCCCGCTGCATACACTCGGAGCCAATAGGGCGCCTATAGAGTGTAGTCCT,47,0.0,0.0,0.0,0,8.897576435629162e-07,5.434089183807373,1.56949336087564e-05,4.364968390291324e-06,1.5125960484141387e-09,2.0861022978491128e-11,9.492900909791047e-10,6.439809130398544e-09,2.191778003179934e-05,0.007811408489942551,0.0016284794546663761,0.0010831428226083517,9.340402895574584e-10,1.9789185481261518e-12,0.02120424620807171,3.567082967492752e-05,8.689672981176955e-09,4.282756815854327e-09
0,GCGGCACCTACTACAATGTCCCCCGCTGCATACACTCGGAGCCAATAGGGCGCCTATAGAGTGTAGTCCT,48,0.0,0.0,0.0,0,0.3006797432899475,0.1195131316781044,0.0021475183311849833,0.00011829803406726569,2.8394202544745895e-09,3.9791215461493223e-11,8.15331829828736e-11,3.7124194829374346e-09,6.042525910743279e-06,0.026160039007663727,2.0291112377890386e-05,3.711080353241414e-05,1.1938522170851229e-08,2.1231133170984684e-11,0.025575930252671242,0.00017830979777500033,2.0778394196202532e-12,4.291226041175378e-09
0,GCGGCACCTACTACAATGTCCCCCGCTGCATACACTCGGAGCCAATAGGGCGCCTATAGAGTGTAGTCCT,49,0.0,0.0,0.0,0,4.037079634144902e-05,0.001759449252858758,2.6073717890540138e-05,0.00022520039055962116,7.266976899700239e-05,1.4237991571426392,1.7009068642437342e-07,5.320876628189808e-09,7.95187844460088e-08,8.010525931467782e-08,0.11287277936935425,0.0004634456126950681,2.2002423065714538e-05,0.0011015686905011535,0.020304525271058083,0.0008686120272614062,6.793774987023937e-10,6.610294533970773e-09
0,GCGGCACCTACTACAATGTCCCCCGCTGCATACACTCGGAGCCAATAGGGCGCCTATAGAGTGTAGTCCT,50,0.0,0.0,0.0,0,5.814672121573494e-08,0.004200927447527647,0.11897260695695877,0.035844333469867706,0.3562431335449219,1.3234393918537535e-05,0.0025365622714161873,5.508611344851033e-09,1.2517091363406507e-07,7.143346010707319e-06,0.002440589712932706,4.270252702553989e-06,9.138823884313751e-07,4.202219861326739e-05,0.05347778648138046,0.0011489568278193474,6.488664605619476e-10,1.0883379530923776e-08
0,GCGGCACCTACTACAATGTCCCCCGCTGCATACACTCGGAGCCAATAGGGCGCCTATAGAGTGTAGTCCT,51,0.0,0.0,0.0,0,0.0004466612881515175,0.0012829959159716964,0.02823624759912491,5.455205731585977e-11,8.545971041939993e-09,5.95952120985288e-10,0.006304610520601273,4.944071374524128e-09,0.08888623863458633,0.016275785863399506,2.4593143166384834e-07,3.513811179800541e-07,6.453791456806357e-07,0.0038653789088129997,2.385791063308716,0.02630213275551796,2.6518552687093688e-08,8.595267608768609e-09
0,GCGGCACCTACTACAATGTCCCCCGCTGCATACACTCGGAGCCAATAGGGCGCCTATAGAGTGTAGTCCT,52,0.0,0.0,0.0,0,0.006916312966495752,0.040322788059711456,0.00291543104685843,3.54632501749913e-13,9.661934880639267e-13,4.139903420075086e-10,3.1906419238440786e-13,3.891960975721531e-09,1.1499965190887451,1.4423993889067788e-05,0.0005356243927963078,4.615427831589081e-12,0.0465373769402504,1.5283291077139438e-06,0.00542044173926115,0.005885784979909658,1.830582186812535e-05,8.476537693979935e-09
0,GCGGCACCTACTACAATGTCCCCCGCTGCATACACTCGGAGCCAATAGGGCGCCTATAGAGTGTAGTCCT,53,0.0,0.0,0.0,0,1.4023294170328882e-07,0.00010896235471591353,4.5584429244627245e-06,1.334878589887012e-07,4.388402430777205e-06,1.463573198634549e-06,1.2335842347610537e-09,3.911726498273538e-09,0.08993126451969147,1.7808560132980347,0.10974139720201492,2.6308455739441905e-13,0.0005940964911133051,2.419596967229154e-05,0.005590884014964104,0.24380235373973846,0.001146627706475556,1.5250922302811887e-08
0,GCGGCACCTACTACAATGTCCCCCGCTGCATACACTCGGAGCCAATAGGGCGCCTATAGAGTGTAGTCCT,54,0.0,0.0,0.0,0,3.854610497455724e-07,0.00042053445940837264,0.00030710044666193426,7.020139310043305e-05,4.7105124245661045e-09,5.699326720787212e-05,1.3539919070648925e-14,3.0357387714730066e-09,0.03479766845703125,6.1691060066223145,3.3880512714385986,1.8441272814362364e-12,1.4399048495761235e-06,1.5865332159137324e-07,3.483827822492458e-05,0.004103589337319136,2.746931932051666e-05,1.3417396971249218e-08
0,GCGGCACCTACTACAATGTCCCCCGCTGCATACACTCGGAGCCAATAGGGCGCCTATAGAGTGTAGTCCT,55,0.0,0.0,0.0,0,5.4217665912403845e-09,0.000248295022174716,0.018832309171557426,0.0281984843313694,8.310842531500384e-06,3.0635168513981625e-05,7.626170528407528e-11,1.5378880391381244e-09,0.028747033327817917,2.9751458168029785,3.9261562824249268,1.3468528514692935e-09,6.474737688222376e-07,0.000636206183116883,4.654080390930176,0.0013621016405522823,1.9564118701964617e-05,1.6172256422919418e-08
0,GCGGCACCTACTACAATGTCCCCCGCTGCATACACTCGGAGCCAATAGGGCGCCTATAGAGTGTAGTCCT,56,0.0,0.0,0.0,0,7.819957681931555e-05,0.00020264420891180634,0.011603296734392643,0.0016022291965782642,8.098025864455849e-05,2.4011553634295524e-08,1.775408331905915e-14,2.0889547869273883e-09,9.289567515224917e-08,0.0009997849119827151,0.04283951595425606,3.3134932575507037e-09,5.792140314042626e-07,1.1171022440414902e-10,0.12183862179517746,1.2597223530974588e-06,2.9742355422968103e-07,1.1538450195303085e-08
0,GCGGCACCTACTACAATGTCCCCCGCTGCATACACTCGGAGCCAATAGGGCGCCTATAGAGTGTAGTCCT,57,0.0,0.0,0.0,0,0.4170752167701721,0.004599372856318951,0.18369276821613312,4.034818175568944e-06,9.089178638532758e-05,8.315742888953537e-05,1.6629204537821352e-06,1.5976823197760837e-09,2.449073388532952e-09,3.2915409065026324e-07,0.05453027784824371,7.886061939643696e-05,4.969424177714288e-11,2.7418800397998287e-14,0.0847097784280777,0.0001657971879467368,0.0001362622861051932,1.4884136589898844e-08
0,GCGGCACCTACTACAATGTCCCCCGCTGCATACACTCGGAGCCAATAGGGCGCCTATAGAGTGTAGTCCT,58,0.0,0.0,0.0,0,1.4169417283937946e-07,2.3631694316864014,0.033679112792015076,0.0001720900763757527,0.004774170927703381,2.1013619289078633e-08,1.1113380354865754e-10,1.2554348671756088e-09,1.287239481673197e-10,1.77863421413349e-05,0.0004094809992238879,0.09303493797779083,1.2903702995004096e-08,2.944941450530765e-14,0.008678297512233257,2.4691616999916732e-06,1.8845771876385697e-07,5.2380473292146235e-09
0,GCGGCACCTACTACAATGTCCCCCGCTGCATACACTCGGAGCCAATAGGGCGCCTATAGAGTGTAGTCCT,59,0.0,0.0,0.0,0,0.44951412081718445,0.00583985960111022,0.20587939023971558,0.002340038539841771,3.4388373023830354e-05,3.9649043054833244e-13,1.0832149399675473e-07,1.1069022365362002e-09,5.364581348588082e-11,5.44098884347477e-06,9.132138984568883e-06,8.406581173403538e-07,3.170204099234297e-10,1.3115857358525496e-11,4.2681054765125737e-05,0.0004385766515042633,8.658090244750838e-09,5.100297073568072e-09
0,GCGGCACCTACTACAATGTCCCCCGCTGCATACACTCGGAGCCAATAGGGCGCCTATAGAGTGTAGTCCT,60,0.0,0.0,0.0,0,2.551581382751465,0.02195536345243454,1.0914182662963867,3.826227334968735e-09,5.9543003771977965e-06,2.0828826427459717,1.1127793797527374e-08,1.2068249732877234e-09,1.7570047639026143e-09,0.004918972495943308,3.432335461184266e-06,0.000410121661843732,0.0005791161092929542,0.005410109646618366,1.8188962940257625e-06,0.000564849004149437,1.6004275682490743e-10,1.874102206755879e-09
0,GCGGCACCTACTACAATGTCCCCCGCTGCATACACTCGGAGCCAATAGGGCGCCTATAGAGTGTAGTCCT,61,0.0,0.0,0.0,0,2.3802456325938692e-06,0.02091522514820099,0.002029761904850602,2.8290105547057465e-07,0.22567623853683472,6.79224456234806e-07,1.4091763489432196e-07,1.2604024490769916e-09,3.109192334704858e-07,2.2737577154430255e-08,0.001388361444696784,0.00017849500000011176,1.519368561275769e-05,3.406526957405731e-05,1.05006547901354e-09,0.0019274543737992644,1.7846092659201673e-10,2.2366111185334603e-09
0,GCGGCACCTACTACAATGTCCCCCGCTGCATACACTCGGAGCCAATAGGGCGCCTATAGAGTGTAGTCCT,62,0.0,0.0,0.0,0,0.0001871638814918697,9.360650437884033e-06,0.0072579761035740376,8.349206126467834e-08,0.0005939780385233462,2.5505169157225005e-11,1.6472129971134564e-07,1.074295874481379e-09,0.18025806546211243,0.4439105987548828,2.5509743295515364e-07,4.818600700673414e-07,1.8033570086117834e-05,0.031480349600315094,1.1974847211604356e-06,0.02052643708884716,5.079264786544968e-10,2.055368542031033e-09
0,GCGGCACCTACTACAATGTCCCCCGCTGCATACACTCGGAGCCAATAGGGCGCCTATAGAGTGTAGTCCT,63,0.0,0.0,0.0,0,0.0009811033960431814,3.2651385026838398e-06,0.00041676146793179214,6.364554608166706e-13,3.213029842186188e-11,5.606685671288858e-10,3.2316480106656857e-16,1.2782342961870086e-09,1.5316249132156372,0.0009920739103108644,0.004314054735004902,3.317718322293217e-09,0.28516337275505066,1.4759264104213798e-06,2.817817801314959e-07,0.0007697673281654716,9.485764951300268e-11,1.4294383454682702e-09
0,GCGGCACCTACTACAATGTCCCCCGCTGCATACACTCGGAGCCAATAGGGCGCCTATAGAGTGTAGTCCT,64,0.0,0.0,0.0,0,8.369766391069788e-08,0.10096651315689087,8.381575025850907e-05,0.000194248539628461,6.170632696012035e-05,6.033310455677565e-06,2.5457343326706905e-06,7.205794294584678e-10,0.6531904339790344,1.0254428386688232,0.0020669265650212765,4.250917395864917e-09,0.0020119233522564173,0.002989702159538865,0.0004945751861669123,0.0032628769986331463,5.347653431186927e-09,1.3808875154452949e-09
0,GCGGCACCTACTACAATGTCCCCCGCTGCATACACTCGGAGCCAATAGGGCGCCTATAGAGTGTAGTCCT,65,0.0,0.0,0.0,0,8.827552733237098e-08,8.792090397946595e-07,9.262865887649241e-07,5.415130999608664e-06,2.2105853259013486e-10,4.585403803503141e-05,1.7854539666363167e-17,8.153632213847573e-10,1.0778552293777466,3.19746470451355,0.04479742795228958,1.6099177112954832e-12,2.6545467335381545e-06,1.2076251998394127e-08,0.0020643260795623064,0.00010070169082609937,4.3642069125215954e-11,1.2846146368872269e-09
0,GCGGCACCTACTACAATGTCCCCCGCTGCATACACTCGGAGCCAATAGGGCGCCTATAGAGTGTAGTCCT,66,0.0,0.0,0.0,0,2.03473078386196e-08,0.03236250951886177,0.16560721397399902,0.0012457504635676742,1.3440558177535422e-06,6.249196303542703e-05,8.327185787493363e-05,8.481711444296991e-10,0.23336756229400635,3.510712146759033,0.06964901834726334,7.017901450939723e-12,0.024341419339179993,0.005259476602077484,0.527220606803894,0.005787971895188093,5.572916433882469e-11,1.0055289934030043e-09
0,GCGGCACCTACTACAATGTCCCCCGCTGCATACACTCGGAGCCAATAGGGCGCCTATAGAGTGTAGTCCT,67,0.0,0.0,0.0,0,3.610007581755781e-07,0.06776126474142075,5.0332214414083865e-06,3.363394632249772e-11,1.4836080974856003e-10,1.233413968293462e-06,1.4730462943174372e-12,7.27022886337636e-10,0.039308637380599976,0.32941657304763794,0.07452835887670517,2.6160636157346318e-11,4.0312201576853113e-07,1.5647625339551552e-12,2.129554510116577,0.0031226074788719416,1.6738381347636277e-08,8.932463657629341e-10
0,GCGGCACCTACTACAATGTCCCCCGCTGCATACACTCGGAGCCAATAGGGCGCCTATAGAGTGTAGTCCT,68,0.0,0.0,0.0,0,0.04898392781615257,0.017821425572037697,0.08902278542518616,1.4419512694985315e-08,1.1114693876379533e-07,1.5179320300706678e-10,4.156731348015086e-10,5.63606217252044e-10,3.784194859690615e-06,0.14406448602676392,0.21906693279743195,5.20622850386232e-11,0.03254038095474243,2.0578707449203648e-07,0.026414919644594193,0.005913727916777134,3.261652921082714e-07,8.127686301762083e-10
0,GCGGCACCTACTACAATGTCCCCCGCTGCATACACTCGGAGCCAATAGGGCGCCTATAGAGTGTAGTCCT,69,0.0,0.0,0.0,0,8.805939160083653e-07,0.00011551805073395371,0.0010024468647316098,1.910607920763141e-07,5.848887303727679e-05,1.0488038242328912e-05,1.162439556504774e-14,4.6456480329304384e-10,0.017005259171128273,4.50206184387207,0.06781210005283356,8.515531590091996e-06,0.0002572636876720935,2.8917998662336686e-08,4.134575192438206e-06,0.002246285555884242,2.3720172976027243e-05,4.3002473804065744e-10
0,GCGGCACCTACTACAATGTCCCCCGCTGCATACACTCGGAGCCAATAGGGCGCCTATAGAGTGTAGTCCT,70,0.0,0.0,0.0,0,0.00011451620957814157,0.00010004393698181957,0.0023569478653371334,4.702128535427619e-07,5.010285963891192e-09,1.2269638083317602e-10,8.286457148539816e-18,5.685154014223315e-10,0.0021880052518099546,0.0028285786975175142,1.1748019456863403,1.0059643005752572e-12,0.12857721745967865,2.2554215439729575e-11,3.3618077210917363e-09,1.6086651157820597e-06,5.918280658079311e-05,4.1938477690628417e-10
0,GCGGCACCTACTACAATGTCCCCCGCTGCATACACTCGGAGCCAATAGGGCGCCTATAGAGTGTAGTCCT,71,0.0,0.0,0.0,0,2.12217955208871e-07,0.0020040557719767094,0.0006675448385067284,1.5703498945640604e-08,1.4140858183964156e-05,2.2244603314902633e-05,6.680405931547284e-05,6.531554186395283e-10,6.562648923136294e-05,1.755318284034729,0.10648521035909653,4.037599126149871e-07,0.0008309619151987135,1.2291820894461125e-07,1.1715806103040904e-09,5.874006455997005e-05,1.6315996617777273e-05,3.986194152538758e-10
0,GCGGCACCTACTACAATGTCCCCCGCTGCATACACTCGGAGCCAATAGGGCGCCTATAGAGTGTAGTCCT,72,0.0,0.0,0.0,0,2.237419266748475e-06,0.09850922971963882,1.377289299853146e-05,1.2164884211074423e-08,6.29546192953967e-09,2.4222222450021036e-08,2.1977824121971034e-15,6.364999638464042e-10,0.8120450973510742,4.088860511779785,0.24687179923057556,4.1263291450377437e-07,1.5131581676541828e-07,1.1921140463666546e-10,5.046637774341889e-09,2.6930445528705604e-05,3.073836651878992e-08,6.439251354350972e-10
0,GCGGCACCTACTACAATGTCCCCCGCTGCATACACTCGGAGCCAATAGGGCGCCTATAGAGTGTAGTCCT,73,0.0,0.0,0.0,0,2.5305425879196264e-06,1.515571028676277e-07,0.00010649092291714624,3.881185861587255e-08,3.498930212231244e-08,6.383321533576236e-07,4.302860845406542e-11,1.928977866327841e-09,0.22982755303382874,2.8593263626098633,0.0004858837346546352,2.901592779380735e-07,0.010520033538341522,0.1247311532497406,1.6540397496100923e-07,0.00024236614990513772,8.918235927524165e-09,1.605042987407046e-09
0,GCGGCACCTACTACAATGTCCCCCGCTGCATACACTCGGAGCCAATAGGGCGCCTATAGAGTGTAGTCCT,74,0.0,0.0,0.0,0,0.00048517881077714264,0.0002918517857324332,3.313281195005402e-05,2.9649266375386674e-10,8.261918793550649e-08,1.2735559273835406e-09,1.8934185816443794e-11,2.9807143420157445e-09,4.085858108737739e-06,0.0013850820250809193,1.4039208508620504e-05,0.15671657025814056,0.00024420753470622003,8.276253993244609e-08,8.249893653555773e-06,0.0018391533521935344,2.8459412604320278e-09,3.2791569459789116e-09
0,GCGGCACCTACTACAATGTCCCCCGCTGCATACACTCGGAGCCAATAGGGCGCCTATAGAGTGTAGTCCT,75,0.0,0.0,0.0,0,2.780174952476955e-07,0.008024550043046474,4.7889243433019146e-05,9.698243985667432e-08,5.746266538153577e-07,0.005779939703643322,3.56100995210137e-19,3.895160638478501e-09,1.5687695283442271e-12,1.3632593436341267e-05,0.007933181710541248,0.30009225010871887,1.325392773310341e-08,1.9887320679146114e-09,0.0022567634005099535,0.0002229581878054887,0.0009378864779137075,5.848123763030344e-09
0,GCGGCACCTACTACAATGTCCCCCGCTGCATACACTCGGAGCCAATAGGGCGCCTATAGAGTGTAGTCCT,76,0.0,0.0,0.0,0,0.0004767807258758694,4.704290645918263e-08,1.9625028357950214e-07,4.096442976497805e-11,0.0002992126683238894,0.0001178093662019819,8.307812215946342e-09,3.56622242847493e-09,6.0083720221371095e-09,4.713685797241851e-08,1.580424457969798e-09,0.032431360334157944,1.268851883651223e-05,1.360786372472944e-09,2.518021756259259e-05,1.9129573047393933e-05,0.00016421818872913718,8.108847815435638e-09
0,GCGGCACCTACTACAATGTCCCCCGCTGCATACACTCGGAGCCAATAGGGCGCCTATAGAGTGTAGTCCT,77,0.0,0.0,0.0,0,9.642061513659428e-07,2.6831746708921855e-06,8.847145522850042e-07,1.368251923850039e-05,5.876036013319208e-08,2.376972056683524e-11,2.2338972712658903e-14,6.614857106512773e-09,7.28269933247816e-09,1.656940007421781e-08,0.0005266157677397132,0.002163568278774619,5.600417694040516e-07,3.642572110607034e-08,1.1098058223724365,1.3022455277678091e-05,2.152174238290172e-05,1.2959418427271885e-08
0,GCGGCACCTACTACAATGTCCCCCGCTGCATACACTCGGAGCCAATAGGGCGCCTATAGAGTGTAGTCCT,78,0.0,0.0,0.0,0,5.863024398422567e-06,0.06649719178676605,7.21047626939253e-07,7.12710914285708e-07,2.626111665904318e-07,2.6386693207314238e-05,4.2596595738533805e-13,2.2502298691051692e-08,3.6640468437099116e-08,1.588170817079515e-09,3.92625224776566e-05,4.487793248131311e-08,8.848442121234257e-06,3.582864671614061e-09,0.0014272936386987567,7.290008215932176e-05,0.1092170849442482,2.801738574476076e-08
0,GCGGCACCTACTACAATGTCCCCCGCTGCATACACTCGGAGCCAATAGGGCGCCTATAGAGTGTAGTCCT,79,0.0,0.0,0.0,0,1.6370984212699113e-07,6.454931281041354e-06,1.3982086102259927e-06,1.5473091252715676e-08,3.41087661581696e-06,2.0051284082001075e-05,4.16431220173763e-07,4.972665834657164e-08,6.477093279499968e-07,3.83323167625349e-05,0.0014389303978532553,3.1702043767900534e-11,9.443480848858599e-06,3.5896880086483396e-12,2.2212425392353907e-05,7.32117996449233e-07,0.00014220950833987445,6.142943931308764e-08
0,GCGGCACCTACTACAATGTCCCCCGCTGCATACACTCGGAGCCAATAGGGCGCCTATAGAGTGTAGTCCT,80,0.0,0.0,0.0,0,1.7339056057608104e-06,3.2703692340874113e-06,5.306535058480222e-06,2.2869821805215906e-06,3.23334159446631e-09,4.873179477726808e-07,2.5149001127043255e-16,7.733166285106563e-08,3.604748712859873e-07,1.0373965778853744e-05,9.939860319718719e-06,4.850035650871831e-11,1.721806874854792e-08,3.568013795529623e-08,8.906703783395642e-07,0.00014123227447271347,0.00010941280197585002,1.0268995254136826e-07
0,GCGGCACCTACTACAATGTCCCCCGCTGCATACACTCGGAGCCAATAGGGCGCCTATAGAGTGTAGTCCT,81,0.0,0.0,0.0,0,3.4598406273289584e-07,2.4830453071444936e-07,3.0595103339692287e-07,1.3697094673748023e-11,1.652727291912015e-06,1.1115979664522158e-10,3.30244200041907e-11,9.389279398419603e-08,6.500810059151263e-07,2.317337219892579e-07,1.965863987152261e-07,5.859310192590783e-08,3.151145619995077e-06,1.107082070461729e-08,4.3095283217553515e-06,0.00014617831038776785,0.001107043121010065,1.1664241128528374e-07
0,GCGGCACCTACTACAATGTCCCCCGCTGCATACACTCGGAGCCAATAGGGCGCCTATAGAGTGTAGTCCT,82,0.0,0.0,0.0,0,3.558096523192944e-06,3.6955261748516932e-06,1.425965820089914e-06,5.4560109414344277e-14,3.5039370516187773e-08,1.1746642769594473e-07,1.9082149665190958e-14,1.3467024473357014e-07,4.6230052674900435e-08,1.6893347947188886e-06,4.302586148696719e-06,2.863364656491285e-09,1.2732364051970535e-09,5.287236035274312e-13,6.324554391312631e-08,4.330531373852864e-05,0.18591910600662231,2.3620985700745223e-07
0,GCGGCACCTACTACAATGTCCCCCGCTGCATACACTCGGAGCCAATAGGGCGCCTATAGAGTGTAGTCCT,83,0.0,0.0,0.0,0,9.085993610824517e-07,1.4161937542667147e-06,3.2034465675678803e-06,1.7374830463268154e-08,1.8511334474169416e-06,2.8426745402043707e-09,6.781119502724531e-12,1.8744457008779136e-07,2.461650328022813e-10,3.841023499262519e-07,2.286109747728915e-06,5.154313864608184e-09,1.2023857379972469e-05,7.482789388113531e-10,9.231093223149855e-09,2.4229564587585628e-05,1.4874869585037231,2.7393164714339946e-07
0,GCGGCACCTACTACAATGTCCCCCGCTGCATACACTCGGAGCCAATAGGGCGCCTATAGAGTGTAGTCCT,84,0.0,0.0,0.0,0,2.586815428529121e-09,1.3572517332249845e-07,4.818706656806171e-06,3.219048494429444e-06,5.235224307398312e-06,1.7468622104388487e-08,5.033178734903387e-13,2.6594040036798106e-07,1.1851157069031615e-06,1.0152202634117202e-07,5.208767106523737e-07,7.52425843852933e-10,7.35906405679998e-06,9.247075327678544e-12,2.3110716938390397e-05,2.2489286493510008e-05,3.5778496265411377,3.56920452304621e-07
